{
  "train_loss": [
    0.293585490849283,
    0.2964273757404751,
    0.2930689321623908,
    0.2993490331702762,
    0.29843053552839494,
    0.28903486000167,
    0.29349082873927224,
    0.28079060713450116,
    0.28080324331919354,
    0.3003963546620475,
    0.2885688725445006,
    0.29296090536647373,
    0.26640544997321236,
    0.26123380495442283,
    0.2856420957379871,
    0.2812359035015106,
    0.25246403449111515,
    0.26379742390579647,
    0.27612748245398205,
    0.25452929735183716,
    0.2511664181947708,
    0.25525812307993573,
    0.24036399688985613,
    0.2327478594250149,
    0.2178400821155972,
    0.20385704934597015,
    0.21679208510451847,
    0.22488862607214186,
    0.20627713865704006,
    0.20804964502652487,
    0.19832344353199005
  ],
  "val_loss": [
    0.2828930914402008,
    0.2837723642587662,
    0.2834155261516571,
    0.28237679600715637,
    0.2901747524738312,
    0.309067040681839,
    0.3111264407634735,
    0.2923661172389984,
    0.29428842663764954,
    0.2992021441459656,
    0.3053027540445328,
    0.3642258048057556,
    0.334479957818985,
    0.3067156821489334,
    0.34469670057296753,
    0.4746391624212265,
    0.36693069338798523,
    0.3363651782274246,
    0.32428063452243805,
    0.6347761303186417,
    0.29916083067655563,
    0.39946071803569794,
    0.5317999124526978,
    0.38520045578479767,
    0.38387832045555115,
    0.32813596725463867,
    0.7240280508995056,
    0.3868434578180313,
    0.5743062794208527,
    0.509749174118042,
    0.3315568119287491
  ],
  "roc_auc": [
    0.6298701298701299,
    0.6141001855287569,
    0.5769944341372912,
    0.5565862708719852,
    0.47031539888682744,
    0.2866419294990723,
    0.3432282003710575,
    0.39239332096474955,
    0.38589981447124305,
    0.4684601113172542,
    0.39610389610389607,
    0.47866419294990725,
    0.36641929499072357,
    0.4777365491651206,
    0.45269016697588127,
    0.43692022263450836,
    0.3218923933209647,
    0.43506493506493504,
    0.43506493506493504,
    0.551948051948052,
    0.4879406307977736,
    0.3450834879406308,
    0.549165120593692,
    0.35992578849721707,
    0.461038961038961,
    0.4749536178107606,
    0.49350649350649345,
    0.35992578849721707,
    0.39053803339517623,
    0.2940630797773655,
    0.4397031539888683
  ],
  "pr_auc": [
    0.3281026509216938,
    0.32214048246223104,
    0.2965880910394917,
    0.2791555289445929,
    0.19940242620952064,
    0.13998807674732716,
    0.1833921547783807,
    0.15854089419938489,
    0.15489050295215034,
    0.16624444351826131,
    0.13698253840765212,
    0.17648627066614045,
    0.12877186946510952,
    0.16607216721725185,
    0.15762656350846765,
    0.15021095388890043,
    0.11495451352228549,
    0.15337386241015932,
    0.15717885105963184,
    0.22707341935886466,
    0.1806965751848189,
    0.13585364670370165,
    0.20573499433489084,
    0.1585540822187767,
    0.21869515469156534,
    0.22622893079228096,
    0.22946711984607782,
    0.1333256478492859,
    0.14135506284953808,
    0.11883620097390711,
    0.20659727728714566
  ],
  "f1": [
    0.30303030303030304,
    0.2962962962962963,
    0.3,
    0.27184466019417475,
    0.2692307692307692,
    0.2692307692307692,
    0.2765957446808511,
    0.2828282828282828,
    0.27450980392156865,
    0.27722772277227725,
    0.27450980392156865,
    0.2857142857142857,
    0.28865979381443296,
    0.2828282828282828,
    0.28,
    0.27450980392156865,
    0.27184466019417475,
    0.27722772277227725,
    0.27722772277227725,
    0.2962962962962963,
    0.28,
    0.27722772277227725,
    0.29473684210526313,
    0.27450980392156865,
    0.27450980392156865,
    0.27450980392156865,
    0.27184466019417475,
    0.28865979381443296,
    0.2692307692307692,
    0.27450980392156865,
    0.28
  ],
  "precision": [
    0.2631578947368421,
    0.2,
    0.23076923076923078,
    0.15730337078651685,
    0.15555555555555556,
    0.15555555555555556,
    0.1625,
    0.16470588235294117,
    0.1590909090909091,
    0.16091954022988506,
    0.1590909090909091,
    0.2,
    0.1686746987951807,
    0.16470588235294117,
    0.16279069767441862,
    0.1590909090909091,
    0.15730337078651685,
    0.16091954022988506,
    0.16091954022988506,
    0.2,
    0.16279069767441862,
    0.16091954022988506,
    0.1728395061728395,
    0.1590909090909091,
    0.1590909090909091,
    0.1590909090909091,
    0.15730337078651685,
    0.1686746987951807,
    0.15555555555555556,
    0.1590909090909091,
    0.16279069767441862
  ],
  "recall": [
    0.35714285714285715,
    0.5714285714285714,
    0.42857142857142855,
    1.0,
    1.0,
    1.0,
    0.9285714285714286,
    1.0,
    1.0,
    1.0,
    1.0,
    0.5,
    1.0,
    1.0,
    1.0,
    1.0,
    1.0,
    1.0,
    1.0,
    0.5714285714285714,
    1.0,
    1.0,
    1.0,
    1.0,
    1.0,
    1.0,
    1.0,
    1.0,
    1.0,
    1.0,
    1.0
  ],
  "threshold": [
    0.49999999999999994,
    0.5099999999999999,
    0.5099999999999999,
    0.4699999999999999,
    0.48999999999999994,
    0.5099999999999999,
    0.4099999999999999,
    0.4499999999999999,
    0.4099999999999999,
    0.35999999999999993,
    0.4499999999999999,
    0.38999999999999996,
    0.5099999999999999,
    0.48999999999999994,
    0.5199999999999999,
    0.19999999999999996,
    0.4599999999999999,
    0.29,
    0.43999999999999995,
    0.24999999999999994,
    0.3999999999999999,
    0.5099999999999999,
    0.19999999999999996,
    0.48999999999999994,
    0.20999999999999996,
    0.29,
    0.09,
    0.3999999999999999,
    0.37999999999999995,
    0.5199999999999999,
    0.29
  ]
}