{
  "sleep_latency_min": 14.0,
  "waso_min": 65.0,
  "total_sleep_time_min": 375.5,
  "sleep_efficiency_pct": 69.28044280442805,
  "ahi": 0.47936085219707053,
  "total_apneas": 1,
  "total_hypopneas": 2,
  "min_spo2": 70.00141948469575,
  "mean_spo2": 93.21487840736653,
  "odi": 1.9174434087882821,
  "total_desaturations": 12,
  "rdi": 0.47936085219707053,
  "arousal_index": 30.3595206391478,
  "total_arousals": 190,
  "n1_pct": 6.25832223701731,
  "n2_pct": 60.852197070572565,
  "n3_pct": 19.307589880159785,
  "rem_pct": 13.581890812250332
}