{
  "train_loss": [
    0.2930919627348582,
    0.32938433024618363,
    0.28731559713681537,
    0.2728284431828393,
    0.2915751238663991,
    0.2873472505145603,
    0.2784579065110948,
    0.2611447440253364,
    0.27263284888532424,
    0.26126090188821155,
    0.27840951085090637,
    0.25821636782752144,
    0.25484777987003326,
    0.261205009288258,
    0.2452553262313207,
    0.23726598090595669,
    0.2514326853884591,
    0.24330154226885903,
    0.24645798901716867,
    0.2391785846816169,
    0.2492250684234831,
    0.2723020530409283,
    0.2296062128411399,
    0.22158174713452658,
    0.24833038449287415,
    0.21319277418984306,
    0.20408486823240915,
    0.19870768156316546,
    0.1852557940615548,
    0.18168636659781137,
    0.1755415043897099,
    0.19058343105845982,
    0.1676258792479833,
    0.17667539252175224,
    0.1773527529504564,
    0.17067550785011715,
    0.15082987232340705,
    0.1354643346534835,
    0.1381830150882403,
    0.17740562640958363,
    0.14536122149891323,
    0.16160792940192753,
    0.15600160674916375,
    0.1331015783879492,
    0.1321626603603363,
    0.11088789751132329,
    0.10123663561211692,
    0.09995272093349034,
    0.08105322139130698,
    0.08102568901247448,
    0.07185123281346427,
    0.07701978459954262,
    0.06910085057218869,
    0.06443714102109273,
    0.06513194408681658,
    0.063580638418595,
    0.06401742249727249,
    0.054618424425522484,
    0.06583886924717161,
    0.07641478545135921,
    0.0791938528418541,
    0.055876427019635834,
    0.045997208191288844,
    0.04327400753067599,
    0.043175171232885785,
    0.04378029000427988,
    0.037127011766036354,
    0.04518168047070503,
    0.04259051361845599,
    0.043770861708455615,
    0.03740015046464072,
    0.0457706730812788,
    0.02767633946819438,
    0.027102986971537273,
    0.024032570318215422,
    0.02165382407191727,
    0.024613221279448934,
    0.01873567110548417,
    0.01875053087456359,
    0.01775605438484086,
    0.026844070706930425,
    0.01797851433770524,
    0.015805071633723047,
    0.016756476265274815,
    0.018647783746321995,
    0.01497327329383956,
    0.016804132817520037,
    0.010714951695667373,
    0.0144675488376783,
    0.013921770060227977,
    0.019224185755269393
  ],
  "val_loss": [
    0.2876316010951996,
    0.28754861652851105,
    0.2875314950942993,
    0.29184576869010925,
    0.2896595597267151,
    0.3098468780517578,
    0.2961866408586502,
    0.3105756938457489,
    0.2978656440973282,
    0.41415365040302277,
    0.28984689712524414,
    0.31506630778312683,
    0.3016735166311264,
    0.2976882606744766,
    0.3015919178724289,
    0.2925889492034912,
    0.3380261957645416,
    0.32027468085289,
    0.37448544800281525,
    0.2941034585237503,
    0.34748198091983795,
    0.3120421767234802,
    0.41508449614048004,
    0.3986571878194809,
    0.2832775413990021,
    0.38165348768234253,
    0.3143301159143448,
    0.3228108286857605,
    0.4682164490222931,
    0.9145330190658569,
    0.3417782634496689,
    0.6580606698989868,
    0.33572931587696075,
    1.6134762167930603,
    0.7227354943752289,
    1.1363251209259033,
    0.628332108259201,
    0.7864460349082947,
    1.7016103863716125,
    0.5122188478708267,
    1.5661431550979614,
    3.0167161226272583,
    0.4601580649614334,
    1.2123042345046997,
    0.49764448404312134,
    0.4946018308401108,
    2.0591811537742615,
    0.587485134601593,
    0.46899738907814026,
    0.5908600687980652,
    2.0618761777877808,
    1.176318645477295,
    0.5619561970233917,
    1.2970362901687622,
    1.0211224853992462,
    4.576042175292969,
    0.7182185649871826,
    3.2787266969680786,
    0.9442358911037445,
    2.51799476146698,
    3.220976233482361,
    0.5734721720218658,
    3.1675559282302856,
    3.220324754714966,
    5.259286403656006,
    2.6776602268218994,
    1.837121307849884,
    2.315110445022583,
    4.483375072479248,
    4.980424880981445,
    0.8577004373073578,
    5.500007629394531,
    0.5708721578121185,
    0.8616813123226166,
    0.5257152020931244,
    3.0258339643478394,
    0.8443877398967743,
    3.184216260910034,
    0.6983616948127747,
    2.1047998666763306,
    2.634617328643799,
    0.9426562488079071,
    0.7808372974395752,
    1.2507661581039429,
    2.7887942790985107,
    0.9015592932701111,
    0.7742738127708435,
    3.396118998527527,
    3.4084198474884033,
    2.044603705406189,
    5.271902561187744
  ],
  "roc_auc": [
    0.44675324675324674,
    0.48917748917748916,
    0.5307359307359307,
    0.5125541125541127,
    0.5246753246753246,
    0.5333333333333333,
    0.5541125541125541,
    0.5454545454545454,
    0.5463203463203463,
    0.5809523809523809,
    0.5783549783549784,
    0.5731601731601732,
    0.5645021645021645,
    0.5688311688311689,
    0.580952380952381,
    0.5913419913419913,
    0.5731601731601732,
    0.4961038961038961,
    0.5705627705627706,
    0.6034632034632034,
    0.5800865800865801,
    0.541991341991342,
    0.6207792207792208,
    0.6181818181818182,
    0.6069264069264069,
    0.625974025974026,
    0.6043290043290044,
    0.5463203463203463,
    0.6095238095238095,
    0.5532467532467532,
    0.6251082251082252,
    0.5904761904761905,
    0.5662337662337662,
    0.4735930735930736,
    0.6017316017316017,
    0.6354978354978355,
    0.5913419913419914,
    0.5393939393939394,
    0.5316017316017316,
    0.5774891774891775,
    0.6199134199134199,
    0.5722943722943723,
    0.664069264069264,
    0.5913419913419913,
    0.5878787878787878,
    0.5731601731601732,
    0.5238095238095238,
    0.567099567099567,
    0.5757575757575758,
    0.5878787878787879,
    0.5662337662337662,
    0.5696969696969697,
    0.5307359307359307,
    0.5818181818181818,
    0.5818181818181818,
    0.522943722943723,
    0.5376623376623377,
    0.5601731601731602,
    0.5151515151515151,
    0.5229437229437229,
    0.5809523809523809,
    0.5696969696969697,
    0.529004329004329,
    0.5757575757575757,
    0.5177489177489178,
    0.49783549783549785,
    0.5471861471861472,
    0.5264069264069264,
    0.509090909090909,
    0.5437229437229438,
    0.5662337662337662,
    0.4935064935064935,
    0.5645021645021644,
    0.5506493506493506,
    0.5324675324675325,
    0.4813852813852814,
    0.5367965367965368,
    0.5316017316017316,
    0.5670995670995671,
    0.5298701298701299,
    0.5359307359307359,
    0.5316017316017316,
    0.5489177489177489,
    0.5437229437229437,
    0.5125541125541125,
    0.5307359307359306,
    0.5437229437229436,
    0.5255411255411255,
    0.5203463203463203,
    0.5203463203463203,
    0.44415584415584414
  ],