{
  "classifier": "svm",
  "test_metrics": {
    "accuracy": 0.5072815533980582,
    "macro_precision": 0.0912004662004662,
    "macro_recall": 0.27639922801213124,
    "macro_f1": 0.13628413541499007,
    "per_class": {
      "insomnia": {
        "precision": 0.09090909090909091,
        "recall": 0.3076923076923077,
        "f1": 0.14035087719298245,
        "roc_auc": 0.5680550019928258
      },
      "restless leg": {
        "precision": 0.041666666666666664,
        "recall": 0.16666666666666666,
        "f1": 0.06666666666666667,
        "roc_auc": 0.5396221094190637
      },
      "apnea": {
        "precision": 0.14102564102564102,
        "recall": 0.3548387096774194,
        "f1": 0.2018348623853211,
        "roc_auc": 0.6139192278384557
      }
    }
  },
  "val_metrics": {
    "macro_f1": 0.12413825892644892,
    "per_class": {
      "insomnia": {
        "f1": 0.05263157894736842,
        "roc_auc": 0.49063371861299326
      },
      "restless leg": {
        "f1": 0.0975609756097561,
        "roc_auc": 0.6034968979131416
      },
      "apnea": {
        "f1": 0.2222222222222222,
        "roc_auc": 0.7155322862129145
      }
    }
  }
}