{
  "split": "train",
  "metrics": {
    "loss": 0.21929244796435038,
    "accuracy": 0.8414464534075105,
    "macro_precision": 0.0,
    "macro_recall": 0.0,
    "macro_f1": 0.0,
    "per_class": {
      "insomnia": {
        "precision": 0.0,
        "recall": 0.0,
        "f1": 0.0,
        "roc_auc": 0.8077616518596474
      },
      "restless leg": {
        "precision": 0.0,
        "recall": 0.0,
        "f1": 0.0,
        "roc_auc": 0.8166732029805591
      },
      "apnea": {
        "precision": 0.0,
        "recall": 0.0,
        "f1": 0.0,
        "roc_auc": 0.8320646221248631
      }
    }
  },
  "optimal_thresholds": [
    0.9999940391390134,
    0.9999940391390134,
    0.9999940391390134
  ],
  "checkpoint": "checkpoints/comorbidity\\checkpoint_epoch_50.pt"
}