{
  "train_loss": [
    0.29545620414945817,
    0.29269036650657654,
    0.29106518460644615,
    0.2740629100137287,
    0.2782445185714298,
    0.2681875162654453,
    0.266625573237737,
    0.2560413082440694,
    0.2647421724266476,
    0.2652381509542465,
    0.2495032267438041,
    0.2393514331844118,
    0.26060739987426335,
    0.22791756192843118,
    0.24480488068527645,
    0.22984204524093205,
    0.22018718388345507,
    0.221640611688296,
    0.2228232075770696,
    0.2178206890821457,
    0.1964348273144828,
    0.19283244013786316,
    0.2228787491718928,
    0.19494590825504726,
    0.18196585277716318,
    0.18505928913752237,
    0.17733881208631727,
    0.1734401053852505,
    0.17668105165163675,
    0.1709550999932819,
    0.14533180329534742,
    0.14697248737017313
  ],
  "val_loss": [
    0.2816258445382118,
    0.2864499092102051,
    0.2848655730485916,
    0.25569862872362137,
    0.26040636748075485,
    0.2652897834777832,
    0.26265083998441696,
    0.29264622181653976,
    0.26890621334314346,
    0.27878880500793457,
    0.31029075384140015,
    0.28214798122644424,
    0.2881404161453247,
    0.3962523490190506,
    0.27553271502256393,
    0.2849935442209244,
    0.30143798887729645,
    0.28151287883520126,
    0.5218726471066475,
    0.29298659414052963,
    0.3599153757095337,
    2.6897250413894653,
    0.3155396282672882,
    0.29137665778398514,
    0.4400646612048149,
    0.3873139023780823,
    1.0497929751873016,
    2.6516032814979553,
    0.9558966755867004,
    0.3799141198396683,
    0.2786651775240898,
    0.3399815857410431
  ],
  "roc_auc": [
    0.7374999999999999,
    0.7374999999999999,
    0.7307692307692307,
    0.7230769230769231,
    0.7163461538461537,
    0.698076923076923,
    0.6442307692307693,
    0.6567307692307693,
    0.6375000000000001,
    0.6240384615384615,
    0.6,
    0.6221153846153846,
    0.6384615384615384,
    0.6317307692307693,
    0.6326923076923077,
    0.6461538461538462,
    0.6384615384615385,
    0.6615384615384616,
    0.6711538461538461,
    0.6519230769230769,
    0.6538461538461539,
    0.6721153846153846,
    0.6721153846153847,
    0.6317307692307692,
    0.6788461538461539,
    0.6360576923076923,
    0.6038461538461538,
    0.7086538461538462,
    0.5701923076923078,
    0.6403846153846153,
    0.676923076923077,
    0.710576923076923
  ],
  "pr_auc": [
    0.37466136631591684,
    0.3836726585609961,
    0.3787940584092586,
    0.36733706909291053,
    0.3424020655543145,
    0.3251290176570064,
    0.2033730148785402,
    0.21385481768332956,
    0.19715752755375532,
    0.18851090065765697,
    0.17359748923184792,
    0.18394937043633558,
    0.19225320152604375,
    0.1900218320311965,
    0.19797100915986987,
    0.2018315608240474,
    0.19922840114167123,
    0.2113283616041621,
    0.21887996727495576,
    0.21655288860859154,
    0.23438971526559407,
    0.2536011014743223,
    0.24075798852869212,
    0.2126777481650743,
    0.3383928077217787,
    0.2113452523350268,
    0.18950785079353177,
    0.3574734357215431,
    0.18880440667198214,
    0.2205910991817907,
    0.35404194361954566,
    0.37371412164212114
  ],
  "f1": [
    0.4,
    0.42105263157894735,
    0.45454545454545453,
    0.47619047619047616,
    0.4,
    0.3684210526315789,
    0.3333333333333333,
    0.3404255319148936,
    0.3333333333333333,
    0.3333333333333333,
    0.34615384615384615,
    0.34615384615384615,
    0.36065573770491804,
    0.35294117647058826,
    0.39285714285714285,
    0.3728813559322034,
    0.3508771929824561,
    0.36363636363636365,
    0.36666666666666664,
    0.3448275862068966,
    0.3508771929824561,
    0.2222222222222222,
    0.3728813559322034,
    0.3492063492063492,
    0.375,
    0.35294117647058826,
    0.3333333333333333,
    0.3333333333333333,
    0.2978723404255319,
    0.36363636363636365,
    0.35714285714285715,
    0.3888888888888889
  ],
  "precision": [
    0.3181818181818182,
    0.6666666666666666,
    0.5555555555555556,
    0.625,
    0.4166666666666667,
    0.28,
    0.2413793103448276,
    0.23529411764705882,
    0.20754716981132076,
    0.20754716981132076,
    0.23076923076923078,
    0.23076923076923078,
    0.22916666666666666,
    0.23684210526315788,
    0.2558139534883721,
    0.2391304347826087,
    0.22727272727272727,
    0.23809523809523808,
    0.23404255319148937,
    0.2222222222222222,
    0.22727272727272727,
    0.4,
    0.2391304347826087,
    0.22,
    0.2571428571428571,
    0.21818181818181817,
    0.2413793103448276,
    0.6,
    0.20588235294117646,
    0.3,
    0.3333333333333333,
    0.30434782608695654
  ],
  "recall": [
    0.5384615384615384,
    0.3076923076923077,
    0.38461538461538464,
    0.38461538461538464,
    0.38461538461538464,
    0.5384615384615384,
    0.5384615384615384,
    0.6153846153846154,
    0.8461538461538461,
    0.8461538461538461,
    0.6923076923076923,
    0.6923076923076923,
    0.8461538461538461,
    0.6923076923076923,
    0.8461538461538461,
    0.8461538461538461,
    0.7692307692307693,
    0.7692307692307693,
    0.8461538461538461,
    0.7692307692307693,
    0.7692307692307693,
    0.15384615384615385,
    0.8461538461538461,
    0.8461538461538461,
    0.6923076923076923,
    0.9230769230769231,
    0.5384615384615384,
    0.23076923076923078,
    0.5384615384615384,
    0.46153846153846156,
    0.38461538461538464,
    0.5384615384615384
  ],
  "threshold": [
    0.5199999999999999,
    0.5599999999999999,
    0.58,
    0.5499999999999999,
    0.57,
    0.5599999999999999,
    0.5299999999999999,
    0.41999999999999993,
    0.4799999999999999,
    0.49999999999999994,
    0.4099999999999999,
    0.4499999999999999,
    0.3999999999999999,
    0.33999999999999997,
    0.48999999999999994,
    0.49999999999999994,
    0.5299999999999999,
    0.5199999999999999,
    0.21999999999999997,
    0.41999999999999993,
    0.61,
    0.06,
    0.5199999999999999,
    0.43999999999999995,
    0.31999999999999995,
    0.26999999999999996,
    0.8499999999999999,
    0.05,
    0.83,
    0.6699999999999999,
    0.57,
    0.3999999999999999
  ]
}