{
  "train_loss": [
    0.29694917135768467,
    0.30220317509439254,
    0.289636320537991,
    0.2873952388763428,
    0.2944171379009883,
    0.2780965616305669,
    0.274292454123497,
    0.27736905217170715,
    0.28409745295842487,
    0.2745089249478446,
    0.2894844330019421,
    0.27480970323085785,
    0.26778741512033677,
    0.27286800079875523,
    0.26061010360717773,
    0.25747111274136436,
    0.2770366784599092,
    0.2690797696510951,
    0.25586183700296616,
    0.2518518881665336,
    0.24353205992115867,
    0.24428453379207188,
    0.23356794151994917,
    0.2609996315505769,
    0.23480986058712006,
    0.25099341736899483,
    0.22744766539997524,
    0.22526034712791443,
    0.21260721815956962,
    0.22241375346978506,
    0.21609716448518965,
    0.2077527658806907,
    0.20068912208080292,
    0.20172810554504395,
    0.20444630086421967,
    0.1834897216823366,
    0.186667799949646,
    0.17097031904591453,
    0.19432201070917976,
    0.17844218346807691,
    0.1877317660384708,
    0.1633569531970554,
    0.16281806925932565,
    0.16264492604467604,
    0.1626395227180587,
    0.15998558700084686,
    0.15051389237244925,
    0.13223698735237122,
    0.12941276364856297,
    0.12257097661495209,
    0.12195130189259847,
    0.13084742840793398,
    0.12023973961671193,
    0.10685577574703428,
    0.11346795658270518,
    0.11035030169619454,
    0.102731188138326,
    0.12772015316618812,
    0.09785709778467815,
    0.08126740447349018,
    0.08083189609977934,
    0.06982237141993311,
    0.07237455952498648,
    0.06822739417354266,
    0.08278995090060765,
    0.07682882621884346,
    0.0778465208907922,
    0.07822314649820328,
    0.07802450160185496,
    0.05974506007300483,
    0.062591928574774,
    0.06307574361562729,
    0.052492225335703954,
    0.057547368937068515,
    0.03877112165921264,
    0.0336769028670258,
    0.03247513704829746,
    0.039561844120423,
    0.042450841723216906,
    0.03624126791126198,
    0.03278353831006421,
    0.026772367561029062,
    0.027138321350018185,
    0.0377670783135626,
    0.056031530929936305,
    0.06592483156257206,
    0.06883561486999194,
    0.05523695548375448,
    0.03810070951779684,
    0.030971673420733876,
    0.028447982544700306,
    0.01904400024149153,
    0.014970388677385118,
    0.016477883689933352,
    0.015214989272256693
  ],
  "val_loss": [
    0.275414414703846,
    0.28948991000652313,
    0.2990877628326416,
    0.29720740020275116,
    0.3183421641588211,
    0.305557981133461,
    0.29660390317440033,
    0.30101053416728973,
    0.2953389436006546,
    0.29598093032836914,
    0.2908218950033188,
    0.3351081907749176,
    0.29567547142505646,
    0.29103339463472366,
    0.3351801484823227,
    0.3013059049844742,
    0.28876351565122604,
    0.3694115951657295,
    0.2955622896552086,
    0.2985710948705673,
    0.30379296839237213,
    0.34090956300497055,
    0.30981920659542084,
    0.33988331258296967,
    0.29785601049661636,
    0.33838599920272827,
    0.31906746327877045,
    0.47801052033901215,
    0.34410132467746735,
    0.5345860719680786,
    0.320013202726841,
    0.2963976114988327,
    0.5301181524991989,
    0.7842221558094025,
    0.5464117527008057,
    0.2822706550359726,
    0.2876010686159134,
    0.7148560285568237,
    0.3015022277832031,
    0.43890728056430817,
    0.9502329528331757,
    0.364475816488266,
    0.6647572368383408,
    0.634486585855484,
    0.2758125513792038,
    0.2931235134601593,
    0.8253438174724579,
    0.3240790367126465,
    0.2605791762471199,
    0.4976680725812912,
    0.8839854896068573,
    0.8453389406204224,
    0.4290069490671158,
    0.46188582479953766,
    0.6847971826791763,
    0.3958737403154373,
    0.4388461858034134,
    0.281767837703228,
    0.30397218465805054,
    0.3895406574010849,
    1.2596292793750763,
    0.3862258940935135,
    0.9951328039169312,
    1.4279193878173828,
    0.3424690216779709,
    5.778887510299683,
    2.7023251056671143,
    0.32140709459781647,
    0.3310304805636406,
    0.9222899526357651,
    0.4889059066772461,
    0.5458925515413284,
    0.6187504529953003,
    0.5546001493930817,
    0.9679488241672516,
    0.5979406088590622,
    0.85694919526577,
    1.401034265756607,
    0.6628417670726776,
    1.0144896060228348,
    0.6266025006771088,
    0.34200403094291687,
    0.433525025844574,
    0.3015870302915573,
    0.8126888573169708,
    0.7204573154449463,
    1.370400846004486,
    0.38363365828990936,
    1.3525680899620056,
    0.6144819557666779,
    0.35197481513023376,
    0.5227909684181213,
    0.38841940462589264,
    0.5849684923887253,
    0.49508821964263916
  ],
  "roc_auc": [
    0.4656419529837251,
    0.45027124773960214,
    0.45207956600361665,
    0.4394213381555154,
    0.4358047016274864,
    0.44755877034358044,
    0.43580470162748647,
    0.430379746835443,
    0.42585895117540684,
    0.45660036166365275,
    0.4810126582278481,
    0.47830018083182646,
    0.4547920433996383,
    0.4674502712477396,
    0.45388788426763116,
    0.47468354430379744,
    0.4773960216998192,
    0.47377938517179025,
    0.5081374321880651,
    0.5135623869801086,
    0.49276672694394213,
    0.5316455696202531,
    0.515370705244123,
    0.5641952983725136,
    0.5144665461121157,
    0.550632911392405,
    0.5352622061482821,
    0.5840867992766727,
    0.5867992766726945,
    0.5750452079566004,
    0.5325497287522605,
    0.5867992766726944,
    0.6184448462929476,
    0.5723327305605788,
    0.6003616636528029,
    0.6130198915009042,
    0.5886075949367089,
    0.6229656419529838,
    0.6365280289330922,
    0.6627486437613019,
    0.6030741410488246,
    0.5994575045207957,
    0.6320072332730561,
    0.6184448462929475,
    0.6446654611211573,
    0.6482820976491863,
    0.6826401446654611,
    0.6735985533453888,
    0.705244122965642,
    0.7224231464737794,
    0.6573236889692586,
    0.6600361663652803,
    0.7151898734177214,
    0.6609403254972875,
    0.6654611211573237,
    0.7350813743218807,
    0.6989150090415913,
    0.6962025316455696,
    0.7160940325497287,
    0.6925858951175407,
    0.6419529837251357,
    0.6853526220614828,
    0.6772151898734178,
    0.6772151898734177,
    0.7215189873417721,
    0.6500904159132006,
    0.6446654611211573,
    0.7188065099457505,
    0.6247739602169982,
    0.6735985533453888,
    0.6600361663652803,
    0.7106690777576854,
    0.6889692585895119,
    0.647377938517179,
    0.6835443037974683,
    0.7124773960216998,
    0.701627486437613,
    0.6636528028933092,
    0.6952983725135624,
    0.7269439421338155,
    0.6934900542495479,
    0.725135623869801,
    0.7142857142857142,
    0.7658227848101266,
    0.666365280289331,
    0.6699819168173597,
    0.6193490054249549,
    0.7034358047016275,
    0.716998191681736,
    0.6817359855334539,
    0.705244122965642,
    0.6772151898734178,
    0.7206148282097649,
    0.6790235081374322,
    0.6772151898734177
  ],