{
  "train_loss": [
    0.29156287180052864,
    0.28004436360465157,
    0.26046248111459946,
    0.2662791974014706,
    0.2603500253624386,
    0.2717731512255139,
    0.2524428748422199,
    0.2615954677263896,
    0.24724040759934318,
    0.24802092048856947,
    0.2493083874384562,
    0.24968461526764762,
    0.2594026078780492,
    0.2447611325316959,
    0.2757561223374473,
    0.24833024707105425,
    0.23362457752227783,
    0.24570652676953209,
    0.23396443161699507,
    0.2531531916724311,
    0.2547888722684648,
    0.2340417421526379,
    0.2422916144132614,
    0.2355581803454293,
    0.22743464509646097,
    0.23484678235318926,
    0.2293025122748481,
    0.21379453937212625,
    0.2191175487306383,
    0.2224090877506468,
    0.21660415993796456,
    0.21507803930176628,
    0.21689558857017094,
    0.2190362960100174,
    0.25040798717074925,
    0.23532280657026503,
    0.21129812879694831,
    0.2126799292034573,
    0.20826445519924164,
    0.22339699665705362,
    0.2201642096042633,
    0.2032620906829834,
    0.2258011284801695,
    0.2063466641638014,
    0.19996634291277993,
    0.21300269663333893,
    0.21562867032157051,
    0.19110903640588126,
    0.19243209891849095,
    0.1799267969197697,
    0.19163862533039516,
    0.18066082066959804,
    0.1786977756354544,
    0.16983568751149708,
    0.17935404843754238,
    0.1792167905304167,
    0.15831861644983292,
    0.1566684047381083,
    0.1528155588441425,
    0.15801067650318146,
    0.15131251100036833,
    0.15132859183682335,
    0.15361691017945608,
    0.15619809346066582,
    0.1543528007136451,
    0.1458129816585117
  ],
  "val_loss": [
    0.26958394050598145,
    0.27531248331069946,
    0.2718578726053238,
    0.2736654579639435,
    0.27283775806427,
    0.27376605570316315,
    0.27496764063835144,
    0.2750801295042038,
    0.2743197828531265,
    0.29972949624061584,
    0.2786470204591751,
    0.28369632363319397,
    0.283901184797287,
    0.3125631660223007,
    0.37711337208747864,
    0.32264135777950287,
    0.2843930870294571,
    0.27440568804740906,
    0.2842361629009247,
    0.2755603492259979,
    0.29435013234615326,
    0.30203182995319366,
    0.2810059040784836,
    0.28306475281715393,
    0.30420300364494324,
    0.28440116345882416,
    0.2880542576313019,
    0.2911229729652405,
    0.401497483253479,
    0.41380055248737335,
    0.29977966845035553,
    0.39642149209976196,
    0.5038068890571594,
    0.3308238685131073,
    0.5818009674549103,
    0.3058539777994156,
    0.38179662823677063,
    0.2895849347114563,
    0.3248392790555954,
    0.31719666719436646,
    0.45058290660381317,
    0.6482604146003723,
    0.29823973774909973,
    0.2890162020921707,
    0.29615025222301483,
    0.5476482510566711,
    0.3269195556640625,
    1.1547887921333313,
    0.31313879787921906,
    0.461272194981575,
    0.6433154344558716,
    0.3194040209054947,
    0.35027359426021576,
    0.29447291791439056,
    0.4445779174566269,
    0.4418284296989441,
    0.6244505941867828,
    0.32469072937965393,
    0.31525249779224396,
    0.3441632091999054,
    0.540188655257225,
    0.3589489758014679,
    1.0151062905788422,
    2.2794448137283325,
    1.8918651938438416,
    0.9699400067329407
  ],
  "roc_auc": [
    0.5598639455782314,
    0.5503401360544218,
    0.5306122448979592,
    0.5448979591836736,
    0.55578231292517,
    0.5448979591836736,
    0.5462585034013605,
    0.535374149659864,
    0.5306122448979592,
    0.5353741496598639,
    0.5319727891156463,
    0.5244897959183673,
    0.5340136054421769,
    0.48775510204081635,
    0.5149659863945578,
    0.5306122448979591,
    0.5326530612244897,
    0.5598639455782313,
    0.5469387755102041,
    0.5326530612244897,
    0.5612244897959184,
    0.5428571428571428,
    0.5421768707482993,
    0.5469387755102041,
    0.4965986394557823,
    0.5108843537414965,
    0.5258503401360545,
    0.5122448979591837,
    0.536734693877551,
    0.5061224489795919,
    0.49795918367346936,
    0.545578231292517,
    0.4687074829931973,
    0.536734693877551,
    0.5619047619047619,
    0.5775510204081633,
    0.5394557823129251,
    0.5530612244897959,
    0.5462585034013605,
    0.49523809523809526,
    0.4884353741496599,
    0.473469387755102,
    0.5129251700680272,
    0.4782312925170068,
    0.5238095238095238,
    0.4700680272108843,
    0.47346938775510206,
    0.5666666666666667,
    0.5687074829931973,
    0.5265306122448979,
    0.5108843537414967,
    0.4959183673469388,
    0.491156462585034,
    0.4918367346938776,
    0.48639455782312924,
    0.4891156462585034,
    0.508843537414966,
    0.508843537414966,
    0.4925170068027211,
    0.46802721088435373,
    0.5095238095238095,
    0.5034013605442177,
    0.5020408163265306,
    0.5197278911564626,
    0.5258503401360544,
    0.4836734693877551
  ],
  "pr_auc": [
    0.27074821031774304,
    0.2705624269294561,
    0.2506619595388069,
    0.26101181386588557,
    0.27024812308912094,
    0.2604687532762189,
    0.26449736796593326,
    0.2581592724087058,
    0.25325488886665487,
    0.26822963321215687,
    0.2677598813405346,
    0.26961581174647775,
    0.2713473678990158,
    0.24231293236315726,
    0.24693977785139754,
    0.25689776521768787,
    0.25825736700909596,
    0.31141123994029385,
    0.2843683364916779,
    0.26435924792466214,
    0.27511308138922774,
    0.2634284083828761,
    0.2612171807782887,
    0.2587004898312708,
    0.2370851752187039,
    0.24597253362512286,
    0.25898854707341945,
    0.24974916856867782,
    0.2561301900084908,
    0.24311910695890743,
    0.23960526210844135,
    0.26399031017914865,
    0.2315586848464536,
    0.2489053242029553,
    0.2743362393307266,
    0.3302038398725479,
    0.27249502517624186,
    0.27513714826811725,
    0.25953251930638055,
    0.22939773357466958,
    0.23066598536627642,
    0.2294311130627268,
    0.23936168927681922,
    0.2318942391992583,
    0.25755712888814175,
    0.23142886031188203,
    0.22660175852354422,
    0.2727943540625312,
    0.28338508509335725,
    0.24982543703454219,
    0.24536848250496712,
    0.23453687704382253,
    0.2355150749692844,
    0.23335418142113046,
    0.23403988020403657,
    0.23471954303449166,
    0.24235041604919283,
    0.2446496047486667,
    0.23497331198521826,
    0.2227370650738079,
    0.2437880909013046,
    0.22426839375968127,
    0.23421754371370412,
    0.23414396540642698,
    0.25284621897310955,
    0.22455670621705826
  ],
  "f1": [
    0.4,
    0.3838383838383838,
    0.3835616438356164,
    0.410958904109589,
    0.4,
    0.4044943820224719,
    0.38961038961038963,
    0.4057971014492754,
    0.39080459770114945,
    0.3939393939393939,
    0.38181818181818183,
    0.3853211009174312,
    0.3853211009174312,
    0.3888888888888889,
    0.3925233644859813,
    0.3888888888888889,
    0.3888888888888889,
    0.39436619718309857,
    0.4077669902912621,
    0.4077669902912621,
    0.41379310344827586,
    0.4117647058823529,
    0.4,
    0.40540540540540543,
    0.39622641509433965,
    0.39622641509433965,
    0.3888888888888889,
    0.4,
    0.4077669902912621,
    0.39622641509433965,
    0.39622641509433965,
    0.4074074074074074,
    0.4077669902912621,
    0.4,
    0.4230769230769231,
    0.4406779661016949,
    0.4,
    0.4,
    0.39436619718309857,
    0.39215686274509803,
    0.3888888888888889,
    0.4077669902912621,
    0.4,
    0.40384615384615385,
    0.39622641509433965,
    0.4,
    0.3888888888888889,
    0.4067796610169492,
    0.42105263157894735,
    0.4158415841584158,
    0.3925233644859813,
    0.3925233644859813,
    0.3925233644859813,
    0.4,
    0.4077669902912621,
    0.4,
    0.3888888888888889,
    0.3958333333333333,
    0.4,
    0.39603960396039606,
    0.39622641509433965,
    0.42105263157894735,
    0.38095238095238093,
    0.4444444444444444,
    0.3870967741935484,
    0.40404040404040403
  ],