{
  "macro_f1": 0.09711593349472618,
  "macro_auc": 0.7771005924866876,
  "macro_ap": 0.36375462558362714,
  "micro_f1": 0.3740559751221679,
  "micro_p": 0.717206132879046,
  "micro_r": 0.2530048076923077,
  "exact_match": 0.31643835616438354,
  "hamming": 0.09650684931506849
}