{
  "checkpoint_info": {
    "epoch": 4,
    "train_loss": 0.8696759522599363,
    "val_loss": 0.8578690092082052,
    "val_acc": 0.7436719450978491,
    "best_val_acc": 0.7419732279263768,
    "segment_size": 10
  },
  "accuracy": 0.7436719450978491,
  "macro_precision": 0.21107867334132116,
  "macro_recall": 0.24801168851978103,
  "macro_f1": 0.22805027668219788,
  "per_class_metrics": {
    "Wake": {
      "precision": 0.8170715079973458,
      "recall": 0.9508919283918491,
      "f1": 0.8789171607082911,
      "support": 567198
    },
    "REM": {
      "precision": 0.0,
      "recall": 0.0,
      "f1": 0.0,
      "support": 51648
    },
    "Stage 1": {
      "precision": 0.0,
      "recall": 0.0,
      "f1": 0.0,
      "support": 41984
    },
    "Stage 2": {
      "precision": 0.4494005320505812,
      "recall": 0.5371782027268371,
      "f1": 0.4893844993848962,
      "support": 137742
    },
    "Stage 3": {
      "precision": 0.0,
      "recall": 0.0,
      "f1": 0.0,
      "support": 17560
    },
    "Stage 4": {
      "precision": 0.0,
      "recall": 0.0,
      "f1": 0.0,
      "support": 8608
    }
  },
  "confusion_matrix": [
    [
      539344,
      0,
      0,
      27854,
      0,
      0
    ],
    [
      22921,
      0,
      0,
      28727,
      0,
      0
    ],
    [
      22014,
      0,
      0,
      19970,
      0,
      0
    ],
    [
      63750,
      0,
      0,
      73992,
      0,
      0
    ],
    [
      7993,
      0,
      0,
      9567,
      0,
      0
    ],
    [
      4072,
      0,
      0,
      4536,
      0,
      0
    ]
  ]
}