{
  "classifier": "xgb",
  "test_metrics": {
    "accuracy": 0.8155339805825242,
    "macro_precision": 0.06666666666666667,
    "macro_recall": 0.02150537634408602,
    "macro_f1": 0.032520325203252036,
    "per_class": {
      "insomnia": {
        "precision": 0.0,
        "recall": 0.0,
        "f1": 0.0,
        "roc_auc": 0.5291948983658828
      },
      "restless leg": {
        "precision": 0.0,
        "recall": 0.0,
        "f1": 0.0,
        "roc_auc": 0.5069091934574168
      },
      "apnea": {
        "precision": 0.2,
        "recall": 0.06451612903225806,
        "f1": 0.0975609756097561,
        "roc_auc": 0.6295825924985183
      }
    }
  },
  "val_metrics": {
    "macro_f1": 0.05128205128205129,
    "per_class": {
      "insomnia": {
        "f1": 0.0,
        "roc_auc": 0.4898365882821841
      },
      "restless leg": {
        "f1": 0.15384615384615385,
        "roc_auc": 0.4935138183869149
      },
      "apnea": {
        "f1": 0.0,
        "roc_auc": 0.6558464223385689
      }
    }
  }
}