{
  "split": "val",
  "metrics": {
    "loss": 0.23650366706507547,
    "accuracy": 0.8446601941747572,
    "macro_precision": 0.0,
    "macro_recall": 0.0,
    "macro_f1": 0.0,
    "per_class": {
      "insomnia": {
        "precision": 0.0,
        "recall": 0.0,
        "f1": 0.0,
        "roc_auc": 0.45715424471901156
      },
      "restless leg": {
        "precision": 0.0,
        "recall": 0.0,
        "f1": 0.0,
        "roc_auc": 0.6598984771573604
      },
      "apnea": {
        "precision": 0.0,
        "recall": 0.0,
        "f1": 0.0,
        "roc_auc": 0.6383944153577662
      }
    }
  },
  "optimal_thresholds": [
    0.9999940391390134,
    0.9999940391390134,
    0.9999940391390134
  ],
  "checkpoint": "checkpoints/comorbidity\\checkpoint_epoch_50.pt"
}